{
  "body_joints": [
    262.0885314941406,
    129.16680908203125,
    0.32558706402778625,
    254.97955322265625,
    154.90866088867188,
    0.5432848334312439,
    252.10751342773438,
    143.44190979003906,
    0.5640225410461426,
    272.138427734375,
    96.32124328613281,
    0.8072125911712646,
    282.1780090332031,
    49.116886138916016,
    0.7794509530067444,
    256.3842468261719,
    164.9007568359375,
    0.3399483561515808,
    259.23236083984375,
    219.219482421875,
    0.2501526176929474,
    292.0716857910156,
    232.02816772460938,
    0.7046332955360413,
    253.5463104248047,
    252.07923889160156,
    0.5981181263923645,
    244.95835876464844,
    249.2633514404297,
    0.6044756770133972,
    210.56285095214844,
    317.8818664550781,
    0.7568421959877014,
    156.3187255859375,
    392.18585205078125,
    0.7185901999473572,
    260.6825866699219,
    254.91757202148438,
    0.5527730584144592,
    254.9351348876953,
    305.0310974121094,
    0.5656610131263733,
    237.78778076171875,
    347.899658203125,
    0.791796088218689,
    256.3692626953125,
    123.42245483398438,
    0.3401350677013397,
    0.0,
    0.0,
    0.0,
    244.9352569580078,
    132.0479736328125,
    0.22778311371803284,
    0.0,
    0.0,
    0.0,
    253.4934539794922,
    370.70892333984375,
    0.7117311954498291,
    256.34814453125,
    365.0263977050781,
    0.68536776304245,
    229.20533752441406,
    349.2791442871094,
    0.744540274143219,
    162.0109405517578,
    429.35894775390625,
    0.693136990070343,
    149.1510772705078,
    426.49169921875,
    0.6191563010215759,
    143.463134765625,
    392.1520690917969,
    0.48307570815086365
  ],
  "face_joints": [
    275.3700866699219,
    132.023193359375,
    0.023932939395308495,
    275.3700866699219,
    132.023193359375,
    0.0010148977162316442,
    276.82147216796875,
    130.71694946289062,
    7.969802391016856e-05,
    275.3700866699219,
    132.023193359375,
    0.00028373178793117404,
    274.0638427734375,
    142.763427734375,
    0.0031534824520349503,
    273.1930236816406,
    148.42381286621094,
    0.011188190430402756,
    273.1930236816406,
    149.00436401367188,
    0.021154440939426422,
    273.1930236816406,
    148.42381286621094,
    0.0025737411342561245,
    275.2249450683594,
    140.2960662841797,
    0.004384579136967659,
    275.5152282714844,
    138.69955444335938,
    0.0005759826744906604,
    275.2249450683594,
    140.2960662841797,
    0.0011866918066516519,
    271.74163818359375,
    135.79678344726562,
    0.000233904313063249,
    273.0478820800781,
    140.15093994140625,
    0.00024364648561459035,
    272.9027404785156,
    140.2960662841797,
    0.004979051183909178,
    274.0638427734375,
    139.2801055908203,
    0.005206952802836895,
    274.0638427734375,
    139.2801055908203,
    0.007283054757863283,
    271.74163818359375,
    135.79678344726562,
    0.037407513707876205,
    275.3700866699219,
    132.023193359375,
    0.00021837516396772116,
    275.3700866699219,
    132.023193359375,
    8.390806033276021e-05,
    271.30621337890625,
    146.82730102539062,
    0.00012729752052109689,
    273.0478820800781,
    148.42381286621094,
    0.002645908622071147,
    273.0478820800781,
    148.27867126464844,
    7.722839654888958e-05,
    275.3700866699219,
    131.8780517578125,
    -8.347161929123104e-05,
    271.74163818359375,
    135.79678344726562,
    -9.591384150553495e-05,
    271.74163818359375,
    135.79678344726562,
    -2.5310075216111727e-05,
    271.74163818359375,
    135.79678344726562,
    -0.00015684994286857545,
    271.74163818359375,
    135.79678344726562,
    6.868189666420221e-05,
    275.3700866699219,
    131.8780517578125,
    2.753256558207795e-05,
    272.6124572753906,
    147.9884033203125,
    9.877924458123744e-05,
    271.74163818359375,
    135.79678344726562,
    5.6854150898288935e-05,
    274.208984375,
    139.2801055908203,
    9.738616790855303e-05,
    271.74163818359375,
    135.79678344726562,
    6.215558641997632e-06,
    271.74163818359375,
    135.79678344726562,
    0.0001320524315815419,
    271.74163818359375,
    135.79678344726562,
    0.00016563961980864406,
    271.88677978515625,
    149.00436401367188,
    6.343895802274346e-05,
    274.0638427734375,
    139.2801055908203,
    5.389855505200103e-05,
    273.0478820800781,
    148.42381286621094,
    0.0005474691861309111,
    275.3700866699219,
    132.023193359375,
    6.225446850294247e-05,
    275.3700866699219,
    132.023193359375,
    1.9357516066520475e-05,
    272.9027404785156,
    147.11756896972656,
    -1.1010753041773569e-05,
    275.3700866699219,
    132.023193359375,
    2.7628057068795897e-05,
    275.3700866699219,
    132.023193359375,
    0.00012133531708968803,
    271.74163818359375,
    135.79678344726562,
    -4.9350961489835754e-05,
    271.74163818359375,
    135.79678344726562,
    -0.00010557737550698221,
    271.74163818359375,
    135.79678344726562,
    -0.00010681328421924263,
    271.74163818359375,
    135.79678344726562,
    5.504328328242991e-06,
    274.208984375,
    139.2801055908203,
    -4.1987143049482256e-05,
    271.74163818359375,
    135.79678344726562,
    -0.00011885878484463319,
    276.38604736328125,
    140.4412078857422,
    0.00013359860167838633,
    276.53118896484375,
    140.4412078857422,
    7.907277904450893e-05,
    271.74163818359375,
    135.79678344726562,
    0.00010777750867418945,
    273.1930236816406,
    148.42381286621094,
    0.0001403849892085418,
    273.0478820800781,
    148.42381286621094,
    -1.2079120097041596e-05,
    273.0478820800781,
    148.42381286621094,
    0.00011177988926647231,
    271.74163818359375,
    135.79678344726562,
    2.3271297322935425e-05,
    273.1930236816406,
    148.42381286621094,
    0.00017844600370153785,
    276.53118896484375,
    140.4412078857422,
    0.00020888473954983056,
    276.53118896484375,
    140.4412078857422,
    0.0028026001527905464,
    276.53118896484375,
    140.4412078857422,
    0.0014813038287684321,
    276.53118896484375,
    140.4412078857422,
    0.0001085497933672741,
    273.4833068847656,
    148.56895446777344,
    4.8782352678244933e-05,
    276.53118896484375,
    140.4412078857422,
    0.00021860707784071565,
    273.0478820800781,
    148.42381286621094,
    0.0006785628502257168,
    276.38604736328125,
    140.4412078857422,
    7.292751979548484e-05,
    273.1930236816406,
    148.42381286621094,
    0.0002307510731043294,
    276.38604736328125,
    140.4412078857422,
    5.933776265010238e-05,
    273.0478820800781,
    148.42381286621094,
    0.0010539026698097587,
    276.38604736328125,
    140.4412078857422,
    0.0007963739335536957,
    275.3700866699219,
    132.023193359375,
    0.0003444538451731205,
    271.74163818359375,
    135.79678344726562,
    -4.293285383027978e-05
  ],