{
  "pose": [
    -2.267414093017578,
    -0.12615101039409637,
    -2.042819023132324,
    -0.05560113117098808,
    0.0847371518611908,
    0.49926623702049255,
    0.1754772663116455,
    -0.11739175021648407,
    -0.3095729947090149,
    -0.018038922920823097,
    0.0007034607115201652,
    0.003511415095999837,
    0.2930452823638916,
    -0.15271343290805817,
    -0.01518138125538826,
    0.11935873329639435,
    0.32044413685798645,
    0.05669794976711273,
    -0.06055919826030731,
    0.011810362339019775,
    -0.18496990203857422,
    0.12054139375686646,
    0.15607929229736328,
    -0.3265915811061859,
    0.2077508568763733,
    -0.16514553129673004,
    0.38324055075645447,
    -0.052675820887088776,
    0.034244734793901443,
    -0.12363599240779877,
    -0.2324981391429901,
    -0.04040843993425369,
    0.3858449459075928,
    -0.09288663417100906,
    0.031299639493227005,
    -0.4564509093761444,
    -0.3297877609729767,
    -0.5554578900337219,
    0.06098952144384384,
    -0.06420400738716125,
    -0.4301998019218445,
    -0.22865056991577148,
    -0.2585832476615906,
    0.5326752662658691,
    -0.39216071367263794,
    -0.2829011380672455,
    -0.07937221974134445,
    0.11465080827474594,
    0.33417412638664246,
    -0.2672056555747986,
    -0.9438091516494751,
    -0.5937323570251465,
    0.5986902713775635,
    -0.3485741913318634,
    0.18384726345539093,
    -0.7475358843803406,
    0.00823369063436985,
    -0.5791807770729065,
    0.3708198070526123,
    -0.2196606695652008,
    -0.18700814247131348,
    -0.09918209165334702,
    -0.05275313928723335,
    0.1490534543991089,
    0.14234259724617004,
    -0.008842491544783115,
    -0.094919353723526,
    -0.08553275465965271,
    -0.1851600706577301,
    -0.1255967915058136,
    0.056497856974601746,
    0.16121594607830048
  ],
  "betas": [
    -0.2551268935203552,
    0.6015992760658264,
    0.07434502243995667,
    0.3622400760650635,
    -0.13646309077739716,
    0.3300580680370331,
    -0.19604623317718506,
    0.06867727637290955,
    0.7969861626625061,
    0.14066198468208313
  ]
}